CREATE DATABASE  IF NOT EXISTS `ot` /*!40100 DEFAULT CHARACTER SET utf8 COLLATE utf8_spanish_ci */;
USE `ot`;
-- MySQL dump 10.13  Distrib 5.7.21, for Linux (x86_64)
--
-- Host: localhost    Database: ot
-- ------------------------------------------------------
-- Server version 5.7.21-1

/*!40101 SET @OLD_CHARACTER_SET_CLIENT=@@CHARACTER_SET_CLIENT */;
/*!40101 SET @OLD_CHARACTER_SET_RESULTS=@@CHARACTER_SET_RESULTS */;
/*!40101 SET @OLD_COLLATION_CONNECTION=@@COLLATION_CONNECTION */;
/*!40101 SET NAMES utf8 */;
/*!40103 SET @OLD_TIME_ZONE=@@TIME_ZONE */;
/*!40103 SET TIME_ZONE='+00:00' */;
/*!40014 SET @OLD_UNIQUE_CHECKS=@@UNIQUE_CHECKS, UNIQUE_CHECKS=0 */;
/*!40014 SET @OLD_FOREIGN_KEY_CHECKS=@@FOREIGN_KEY_CHECKS, FOREIGN_KEY_CHECKS=0 */;
/*!40101 SET @OLD_SQL_MODE=@@SQL_MODE, SQL_MODE='NO_AUTO_VALUE_ON_ZERO' */;
/*!40111 SET @OLD_SQL_NOTES=@@SQL_NOTES, SQL_NOTES=0 */;

--
-- Table structure for table `Dependencias`
--

DROP TABLE IF EXISTS `Dependencias`;
/*!40101 SET @saved_cs_client     = @@character_set_client */;
/*!40101 SET character_set_client = utf8 */;
CREATE TABLE `Dependencias` (
  `DependenciaId` int(10) unsigned NOT NULL AUTO_INCREMENT,
  `FacultadId` int(10) unsigned NOT NULL DEFAULT '0',
  `Nombre` varchar(150) COLLATE utf8_spanish_ci DEFAULT NULL,
  `Domicilio` varchar(100) COLLATE utf8_spanish_ci DEFAULT NULL,
  `Telefono` varchar(30) COLLATE utf8_spanish_ci DEFAULT NULL,
  `Fax` varchar(30) COLLATE utf8_spanish_ci DEFAULT NULL,
  `Email` varchar(50) COLLATE utf8_spanish_ci DEFAULT NULL,
  `SitioWeb` varchar(50) COLLATE utf8_spanish_ci DEFAULT NULL,
  `ResponsableId` int(10) unsigned DEFAULT NULL,
  `Estado` varchar(10) COLLATE utf8_spanish_ci DEFAULT 'activo',
  PRIMARY KEY (`DependenciaId`),
  KEY `FacultadId` (`FacultadId`),
  KEY `ResponsableId` (`ResponsableId`)
) ENGINE=MyISAM AUTO_INCREMENT=132 DEFAULT CHARSET=utf8 COLLATE=utf8_spanish_ci;
/*!40101 SET character_set_client = @saved_cs_client */;

--
-- Dumping data for table `Dependencias`
--

LOCK TABLES `Dependencias` WRITE;
/*!40000 ALTER TABLE `Dependencias` DISABLE KEYS */;
INSERT INTO `Dependencias` VALUES (1,3,'Dpto de Despacho Gral y Mesa de Entrada - Fac.Naturales','Fac.Cs.Naturales','','','','',5,'activo'),(3,8,'Sector Administrativo - Sede Tartagal','Warnes y Ej. Argentino NВ°4560 Tartagal - Salta','0875 21182','0875 21182','-','-',3,'activo'),(4,8,'CTCE - Sede Tartagal','Warnes y Ej. Argentino NВ°4560 Tartagal - Salta','0875 21182','0875 21182','-','-',3,'activo'),(5,3,'Red InformГЎtica de Cs. Naturales - Fac.Naturales','Edificio de Cs. Naturales','+54-387-4255433/4 - 4255414','+54-387-4255455','-','-',5,'activo'),(6,3,'Dpto Despacho y Comisiones - Fac.Naturales','Facultad de Ciencias Naturales','0387-4255433/4','0387-4255455','-','-',5,'activo'),(7,9,'IEM: Instituto de EnseГ±anza Media - UNSa','Complejo Univesitario','-','-','-','-',7,'activo'),(8,7,'DirecciГіn Administrativa Contable - Sede OrГЎn','Alvarado NВ°751 - San RamГіn de la Nueva OrГЎn - Salta','03878-421388','03878-421388','-','-',8,'activo'),(9,7,'Mesa de Entrada - Sede Reg. OrГЎn','Alvarado NВє751 - San RamГіn de la Nueva OrГЎn - Salta','03878-421388','03878-421388','-','-',8,'activo'),(10,3,'Laboratorio de InformГЎtica - Fac.Naturales','Ed.Cs.Naturales','0387-4255433/4','0387-4255455','-','-',5,'activo'),(11,3,'Museo de Ciencias Naturales','Parque San MartГ­n - Salta','-','-','-','-',10,'activo'),(12,3,'Consejo Directivo - Fac.Naturales','Facultad de Ciencias Naturales','-',NULL,NULL,NULL,5,'activo'),(13,3,'IRNED:Instituto de Recursos Naturales y Ecodesarrollo - Fac.Naturales','Facultad de Ciencias Naturales',NULL,NULL,NULL,NULL,5,'activo'),(14,9,'Mesa de Ayuda - UNSa','Edificio Central - Subsuelo','4255526','-','-','-',9,'activo'),(15,9,'SecretarГ­a AcadГ©mica - UNSa','1В° Piso - Edificio central','0387 - 4255574/5567','-','-','-',9,'activo'),(16,7,'ГЃrea de Personal - Sede Reg.OrГЎn','Alvarado 750 OrГЎn','-','-','-','-',8,'activo'),(17,3,'Dpto de Compras y Patrimonio Fac.Naturales','Edificio de Naturales - Planta baja','-','-','-','-',12,'activo'),(18,3,'AcreditaciГіn Ing. Agronomica - Naturales','Edificio de Naturales - Planta baja','-','-','-','-',7,'activo'),(19,8,'Trayecto de Articulacion de la Licenciatura de Ciencias de la Educacion.','Warnes y Ej. Argentino','','03875-421182','-','-',3,'activo'),(20,7,'Sala de Computadoras - SRO','Alvarado 751 - Cp 4530','-','-','-','-',8,'activo'),(21,2,'Biblioteca - Cs Exactas','Edificio Central - Subsuelo','-','-','-','-',16,'activo'),(22,1,'Bibioteca Economicas','Edificio Central - Unsa','-','-','-','-',19,'activo'),(23,9,'PROGRAMA FAMILIAS POR LA INCLUSION SOCIAL','','','','','',9,'activo'),(24,8,'Museo EtnogrГЎfico Regional Tartagal','Ciudad de Tartagal','-','-','-','-',3,'activo'),(25,5,'Direccion Administrativa Contable','-','-','-','-','-',21,'activo'),(26,9,'SecretarГ­a Administrativa','Edificio Central - Unsa','-','-','-','-',22,'activo'),(27,9,'UNIDAD DE AUDITORIA INTERNA','Avda Bolivia 5150 - Salta','-','-','-','-',22,'activo'),(28,3,'Proyecto \"El Labotatorio como estrategia PedagГіgica\"','Edificio de Cs. Naturales',NULL,NULL,NULL,NULL,5,'activo'),(44,3,'PROYECTO GENERALES DE INOVACION PRODUCTIVA','UNSA','','','','',1,'activo'),(43,8,'Extension Universitaria - Sede Tartagal','Warnes y Ej. Argentino  - Tartagal','','','','',23,'activo'),(45,7,'Biblioteca - Sede OrГЎn','Alvarado 751, OrГЎn - CP 4530','','','','',213,'activo'),(46,1,'RED de Informatica de Cs. EconГіmicas','Fac. de Cs. Econ.','','','','',55,'activo'),(47,10,'Dpto Patrimonio CIUNSa','CIUNSa - Campo Universitario CastaГ±ares - Bolvia 5150 Salta','','','','',28,'activo'),(48,3,'Centro Tecnologico Comunitario Educativo (Sede Tartagal)','','','','','',17,'activo'),(49,3,'PFIP Kenaf - Expte 532/07','Campo CastaГ±ares','','','','',72,'activo'),(50,9,'FUNDALTES','','','','','',1,'activo'),(51,9,'Museo de Historia de la UNSA','Parque San MartГ­n - Salta','','','','',48,'activo'),(122,7,'Lab. de AnГЎlisis QuГ­micos y MicrobiolГіgico - Sede OrГЎn','','','','','',89,'activo'),(53,9,'ATENCION AL PUBLICO Y ORIENTACION EN LA UNSA','','','','','',1,'activo'),(54,7,'DirecciГіn Administrativa EconГіmica-Sede OrГЎn','Alvarado 750 - OrГЎn','','','','',30,'activo'),(55,2,'RED de InformГЎtica de Cs. Exactas','','','','','',26,'activo'),(59,2,'CONSEJO DE INVESTIGACION','','','','','',33,'activo'),(62,4,'Biblioteca Cs. de la Salud','','','','','',35,'activo'),(63,3,'Laboratorio de Petrologia y Minerologia de la Fac. de Naturales','','','','','',36,'activo'),(64,4,'mesa de Entrada- Archivo- fac. de Salud','Facultad de Ciencias de la Salud','','','','',20,'activo'),(65,4,'TELEFONO DE LA SALUD','Facultad de Ciencias de la Salud','','','','',1,'activo'),(67,6,'Laboratorio de Alimentos-IngenierГ­a','Fac. IngenerГ­a - Campo CastaГ±ares','','','','',32,'activo'),(120,1,'Gabinete de InfomГЎtica y demГЎs dependendias de la facultad de cs econГіmicas','','','','','',55,'activo'),(71,3,'DivisiГіn Personal - Cs Naturales','Avda. Bolivia 5150 - Salta','','','','',37,'activo'),(72,3,'FACULTAD DE CS. NATURALES','AVDA. BOLIVIA NВє 5150','','','','',37,'activo'),(75,9,'DirecciГіn General de Obras y Servicios - U.N.Sa.','Edificio Obras y Servicios - Campo CastaГ±ares - U.N.Sa.','4255401','','','',34,'activo'),(76,9,'CoordinaciГіn de Posgrado y Relaciones Internacionales','Oficina de Relaciones Internacionales y Posgrado de la Universidad Nacional de Salta - Complejo Univ','(+54) (387) 422-5533 / 5427','','coreinte@unsa.edu.ar','www.unsa.edu.ar/coreinte',56,'activo'),(77,9,'SecretarГ­a del Consejo Superior','Avda. Bolivia 5150 - Salta','4255421','','seccosu@unsa.edu.ar','',61,'activo'),(78,10,'Proyecto \"GestiГіn de Residuos Peligrosos en el Marco de ImplementaciГіn de un Sistema de GestiГіn Ambiental en la UNSaвЂќ','','','','','',256,'activo'),(79,4,'FACULTAD DE CS. DE LA SALUD','','','','','',38,'activo'),(31,1,'Direccion de Despacho - Cs EconГіmicas','Edificio Cs. EconГіmicas','','','','',42,'activo'),(30,3,'PFIP Pesca Artesanal - Expte 630/06','Complejo Universitario','','','','',43,'activo'),(29,9,'Direccion de Asesoria Juridica','Campo CastaГ±ares','4258686','','','',47,'activo'),(86,9,'DIRECCIГ“N GENERAL DEL CENTRO DE CГ“MPUTOS DELA UNIVERSIDAD NACIONAL DE SALTA.','','','','','',62,'activo'),(87,5,'ARCHIVO DE LA MEMORIA- SECRETARГЌA DEL CONSEJO SUPERIOR','AVDA. BOLIVIA NВє 5150','','','','',61,'activo'),(91,1,'TESORERГЌA GENERAL ','Avda. Bolivia NВє 5150.','','','','',64,'activo'),(121,6,'Facultad de Ingenieria',NULL,NULL,NULL,NULL,NULL,NULL,'activo'),(95,1,'DIRECCIГ“N DE CONTABILIDAD','Avda. Bolivia NВє 5150.','','','','',69,'activo'),(98,1,'DIRECCIГ“N GENERAL DE ADMINISTRACIГ“N','Avda. Bolivia NВє 5150.','','','','',54,'activo'),(118,14,'SecretarГ­a de CooperaciГіn TГ©cnica y Relaciones Internacionales','Av. Bolivia 5150, Edif. Biblioteca, 1er piso','0387 - 425 5555/3355','0387 - 425 8661','sct@unsa.edu.ar','',9,'activo'),(104,1,'DIRECCIГ“N GENERAL DE PERSONAL','','','','','',59,'activo'),(105,4,'Sala de InformГЎtica y CГЎtedra docentes de la Facultad','','','','','',79,'activo'),(106,4,'Instituto de PatologГ­a Experimental','','','','','',81,'activo'),(107,5,'Dpto. de Posgrado','','','','','',82,'activo'),(108,9,'SecretarГ­a de bienestar universitario','','','','','',83,'activo'),(109,9,'Radio Universidad Nacional de Salta','','','','','',84,'activo'),(111,9,'DIRECIГ“N DE PATRIMONIO','Avda. Bolivia 5150','','','','',88,'activo'),(112,9,'DirecciГіn de CoordinaciГіn Administrativade Rectorado','','','','','',89,'activo'),(113,2,'Mesa General de Entradas y Salidas - DirecciГіn de CorrdinaciГіn Administrativa de Rectorado','','','','','',89,'activo'),(114,9,'SecretarГ­a de ExtensiГіn Universitaria','','','','','',89,'activo'),(115,9,'CENTRO DE LENGUAS DE LA UNIVERSIDAD NACIONAL DE SALTA','','','','','',89,'activo'),(116,9,'IEM - Instituto de EnseГ±anza Media Tartagal ','','','','','',89,'activo'),(117,9,'Universidad Nacional de Salta',NULL,NULL,NULL,NULL,NULL,0,'activo'),(123,9,'Grupo de Edificios BioclimГЎticos',' ',' ',' ',' ',NULL,NULL,'activo'),(124,9,'Grupo de Investigaciones en PlanificaciГіn EnergГ©tica y GestiГіn Territorial (PEyGeT)',' ',' ',' ',' ',' ',NULL,'activo'),(125,9,' Grupo de Eficiencia EnergГ©tica en Edificios (G3E)',' ',' ',' ',' ',' ',0,'activo'),(126,9,'Grupo de RadiaciГіn Solar',' ',' ',' ',' ',' ',0,'activo'),(127,9,'Grupo de ElectrГіnica y Fotovoltaico',NULL,NULL,NULL,NULL,NULL,NULL,'activo'),(128,9,'Grupo de EnergГ­a Solar TГ©rmica de ConcentraciГіn',NULL,NULL,NULL,NULL,NULL,NULL,'activo'),(129,9,'Grupo de EnergГ­a Solar Fotovoltaica',NULL,NULL,NULL,NULL,NULL,NULL,'activo'),(130,9,'Grupo de Eficiencia EnergГ©tica, y Desarrollo Socio-Productivo',NULL,NULL,NULL,NULL,NULL,NULL,'activo'),(131,9,'Grupo de Г“ptica LГЎser',NULL,NULL,NULL,NULL,NULL,NULL,'activo');
/*!40000 ALTER TABLE `Dependencias` ENABLE KEYS */;
UNLOCK TABLES;

--
-- Table structure for table `Facultades`
--

DROP TABLE IF EXISTS `Facultades`;
/*!40101 SET @saved_cs_client     = @@character_set_client */;
/*!40101 SET character_set_client = utf8 */;
CREATE TABLE `Facultades` (
  `FacultadId` int(10) unsigned NOT NULL AUTO_INCREMENT,
  `Nombre` varchar(80) COLLATE utf8_spanish_ci NOT NULL DEFAULT '',
  `Sigla` varchar(10) COLLATE utf8_spanish_ci NOT NULL DEFAULT '',
  `Domicilio` varchar(80) COLLATE utf8_spanish_ci DEFAULT NULL,
  `Telefono` varchar(30) COLLATE utf8_spanish_ci DEFAULT NULL,
  `Fax` varchar(30) COLLATE utf8_spanish_ci DEFAULT NULL,
  `Email` varchar(50) COLLATE utf8_spanish_ci DEFAULT NULL,
  `SitioWeb` varchar(50) COLLATE utf8_spanish_ci DEFAULT '0',
  `DecanoId` int(10) DEFAULT NULL,
  `Estado` varchar(10) COLLATE utf8_spanish_ci DEFAULT 'activo',
  `UniversidadId` int(11) NOT NULL,
  PRIMARY KEY (`FacultadId`),
  KEY `DecanoId` (`DecanoId`),
  KEY `UniversdiadId` (`UniversidadId`)
) ENGINE=MyISAM AUTO_INCREMENT=16 DEFAULT CHARSET=utf8 COLLATE=utf8_spanish_ci;
/*!40101 SET character_set_client = @saved_cs_client */;

--
-- Dumping data for table `Facultades`
--

LOCK TABLES `Facultades` WRITE;
/*!40000 ALTER TABLE `Facultades` DISABLE KEYS */;
INSERT INTO `Facultades` VALUES (1,'Ciencias Económicas, JurГ­dicas y Sociales','EC','Complejo Universitario Gral.JosГ© de San MartГ­n ','0387-4255472','0387-4255464','dececo@unsa.edu.ar','0',NULL,'activo',1),(2,' Ciencias Exactas','EX','Complejo Universitario Gral.JosГ© de San MartГ­n ','0387-4255358','0387-4255449','decexa@unsa.edu.ar','0',7,'activo',1),(3,'Ciencias Naturales','NAT','Complejo Universitario Gral.JosГ© de San MartГ­n','0387-4255434','0387-4255455','decnat@unsa.edu.ar','0',66,'activo',1),(4,'Ciencias de la Salud','SAL','Complejo Universitario  Gral.JosГ© de San MartГ­n','0387-4255329','0387-4255456','decsal@unsa.edu.ar','0',NULL,'activo',1),(5,'Humanidades','HUM','Complejo Universitario  Gral.JosГ© de San MartГ­n ','0387-4255328','0387-4255458','dechum@unsa.edu.ar','0',NULL,'activo',1),(6,'IngenierГ­a','ING','Complejo Universitario - Gral.JosГ© de San MartГ­n ','0387-4255383','0387-4255351','fi_alum@unsa.edu.ar','www.ing.unsa.edu.ar',NULL,'activo',1),(7,'Sede Regional OrГЎn','SRO','Alvarado 751 - CP 4530 - OrГЎn','03878-421388',NULL,'unsaor@unsa.edu.ar','0',NULL,'activo',1),(8,'Sede Regional Tartagal','SRT','Warnes esq. Ejercito Argentino - CP 4560 - Tartagal','03875-421182','0387-421182','unsata@unsa.edu.ar','0',NULL,'activo',1),(9,'Universidad Nacional de Salta','UNSa','Complejo Universitario  Gral.JosГ© de San MartГ­n ','0387-4255555','0387-4255555','unsa@unsa.edu.ar','www.unsa.edu.ar',1,'activo',1),(10,'Consejo de InvestigaciГіn','CIUNSA','Complejo Universitario  Gral.JosГ© de San MartГ­n','054-87-4255406/405/337/340/336','054-87-4255483 / 4311611','consejo@unsa.edu.ar','www.ci.unsa.edu.ar',NULL,'activo',1),(11,'Universidad Catolica de Salta (Por Convenio)','UCASAL','Campus Universitario CastaГ±ares',NULL,NULL,NULL,'0',0,'activo',1),(12,'se deconoce','DES',NULL,NULL,NULL,NULL,'0',NULL,'activo',1),(13,'SecretarГ­a de Bienestar Universitario','SBU','Avda. Bolivia 5150',NULL,NULL,NULL,'0',NULL,'activo',1),(14,'Rectorado de la Universidad Nacional de Salta','REC','Avda. Bolivia 5150',NULL,NULL,NULL,'0',NULL,'activo',1),(15,'Instituto de EduaciГіn Media','IEM',NULL,NULL,NULL,NULL,'0',NULL,'activo',1);
/*!40000 ALTER TABLE `Facultades` ENABLE KEYS */;
UNLOCK TABLES;

--
-- Table structure for table `OfertasTecno`
--

DROP TABLE IF EXISTS `OfertasTecno`;
/*!40101 SET @saved_cs_client     = @@character_set_client */;
/*!40101 SET character_set_client = utf8 */;
CREATE TABLE `OfertasTecno` (
  `OfertaId` int(10) unsigned NOT NULL AUTO_INCREMENT,
  `UnidadId` int(10) unsigned NOT NULL DEFAULT '0',
  `DependenciaId` int(10) unsigned NOT NULL DEFAULT '0',
  `Servicio` text COLLATE utf8_spanish_ci,
  `Estado` varchar(10) COLLATE utf8_spanish_ci NOT NULL DEFAULT 'activo',
  PRIMARY KEY (`OfertaId`),
  KEY `UnidadId` (`UnidadId`),
  KEY `DependenciaId` (`DependenciaId`)
) ENGINE=MyISAM AUTO_INCREMENT=19 DEFAULT CHARSET=utf8 COLLATE=utf8_spanish_ci;
/*!40101 SET character_set_client = @saved_cs_client */;

--
-- Dumping data for table `OfertasTecno`
--

LOCK TABLES `OfertasTecno` WRITE;
/*!40000 ALTER TABLE `OfertasTecno` DISABLE KEYS */;
INSERT INTO `OfertasTecno` VALUES (1,16,79,'1) Evaluación Nutricional de cualquier grupo poblacional que lo requiera: niГ±os, escolares, adolescente, adultos, adultos mayores, deportista orientado a su deporte tiendo en cuenta sus necesidades. Se realiza la evaluaciГіn diagnГіstica del estado nutricional del individuo o grupo poblacional y las orientaciones terapГ©uticas nutricionales necesarias; no tratamiento <br/>2) EvaluaciГіn nutricional desde el punto de vista antropomГ©trico y alimentario.<br/>\n3) CapacitaciГіn de recursos humanos en todo lo referente a valoraciГіn nutricional<br/>\n4) ValoraciГіn Nutricional mediante mediciones antropomГ©trica y bioimpedancia con equipo InBody 720. Mediante aparatos estandarizados.<br/>\n5) Conocer a nivel alimentario cada uno de los nutrientes presentes en la alimentaciГіn de personas para detectar dГ­ficit o excesos.  Mediante un anГЎlisis cuantitativo<br/>','active'),(2,18,79,'1) Servicios diagnГіsticos mediante citometrГ­a de flujo.<br/>\n1) InvestigaciГіn bГЎsica, InvestigaciГіn clГ­nica e InvestigaciГіn epidemiolГіgica referentes a diversas patologГ­a.<br/>\n2) Se ofrece orientaciГіn clГ­nica, confirmaciГіn de infecciГіn a personas infectadas de diferentes patologГ­as, principalmente de enfermedad de Chagas y Leishmaniasis.  <br/>\n3) Seminarios para estudiantes, profesionales y tГ©cnicos sobre diversas patologГ­as. <br/>\n4) Intevenciones Educativas (charlas, talleres, cursos) a la comunidad respecto de como reconocer a la vinchuca  y tomar medidas preventivas relacionadas con la enfermedad de Chagas. <br/>\n5) MГ©todos diagnГіsticos para parasitologГ­a.<br/>\n6) TГ©cnicas directas mediante observaciГіn de sangre fresca que revela la presencia del parГЎsito; Frotis o extenciones de sangre. <br/>\n2) TГ©cnicas indirectas: hemocultivo; Pruebas serolГіgicas convencionales: hemaglutinaciГіn indirecta HAI, inmunoensayo ELISA; Pruebas serolГіgicas no convencionales: reacciГіn en cadena de la polimerasa RCP.<br/>','active'),(3,19,79,'1) Estudios de materias primas tradicionales o no, a fin de desarrollar formulaciones de buena calidad sensorial.<br/>\n2) Estudio del efecto de cambio en el procesamiento de alimentos en relaciГіn a la calidad sensorial del producto.<br/>\n3) DeterminaciГіn de la reacciГіn y preferencia del consumidor frente a un nuevo alimento.<br/>\n4) Estudio de la calidad sensorial de alimentos a fin de asegurar las caracterГ­sticas de Г©sta, durante el almacenamiento, procesamiento y mercado de los diferentes productos.<br/>\n5) Estudio de costo para obtener para obtener un producto de igual calidad sensorial pero a menor costo.<br/>\n6) Asesoramiento a entidades pГєblicas o privadas en el campo de la EvaluaciГіn Sensorial de Alimentos.<br/>','active'),(4,21,79,'1) CapacitaciГіn sobre el Proceso de AtenciГіn de EnfermerГ­a y el trabajo en forma homogГіnea sobre el lenguaje enfermero.<br/>\n2) ValoraciГіn de pacientes mediante el trabajo con enfermeros de instituciones pГєblicas de Salta Capital y del Interior.<br/>\n3) CapacitaciГіn teГіrico - prГЎctico en Primeros Auxilios; ReanimaciГіn Cardio-pulmonar; Normas de Bio-seguridad y en atenciГіn Pre-hospitalaria y Hospitalaria inicial.<br/>\n4) CapacitaciГіn sobre AtenciГіn de paciente quirГєrgico.<br/>\n5) CapacitaciГіn a personas que trabajan en sectores tanto pГєblico como privados, que exista el riesgo de accidentes y sea necesario que actuen en emergencia.<br/>\n6) CapacitaciГіn sobre dispositivos tecnolГіgicos en el cuidado enfermero. <br/>\n7) Asesoriamento en: Eduacion en EnfermerГ­a;  GestiГіn de Cuidado;  Estudios de GГ©nero Salud y EnfermerГ­a, Salud Comunitaria en EnfemerГ­a; Historia y FilosofГ­a del Cuidado; Ciencias social,  Salud y EnfermerГ­a; InnovaciГіn y AplicaciГіn de conocimiento a la Practica Profesional. <br/>','active'),(5,82,79,'1) InvestigaciГіn bГЎsica, InvestigaciГіn clГ­nica e InvestigaciГіn epidemiolГіgica referentes a patologГ­a regionales (Chagas,Leishmaniasis,Dengue, Hantavirus,  geohelmintiasis y micosis profundas).<br/>\n2) Se ofrece orientaciГіn clГ­nica, confirmaciГіn de infecciГіn a personas infectadas de diferentes patologГ­as, principalmente de Leishmaniasis, geohelmintiasis, Enfermedad de Chagas y micosis profundas o sistГ©micas.  <br/>\n3) Rotaciones y/o pasantГ­as para estudiantes, profesionales y tГ©cnicos sobre patologГ­as regionales. <br/>\n4) Intevenciones Educativas (charlas, talleres, cursos) a la comunidad referido a la promociГіn y prevenciГіn de enfermedades regionales. <br/>\n5) MГ©todos diagnГіsticos parasitolГіgicos (Leishmanasis, geohelmintiasis y micolГіgicos).<br/>\n6) MГ©todos diagnГіsticos serolГіgicos, ELISA in house para estrongyloidiasis. <br/>\n7) Uso de Sistema de InformaciГіn GeogrГЎfica (GIS) para optimizar intervenciones en salud pГєblica. 8) CapacitaciГіn e implementaciГіn orientados a la investigaciГіn de diseГ±os de software para enfermedades regionales.<br/>','active'),(6,22,79,'1) AsorГ­a telefГіnica para la promociГіn de la salud y prevenciГіn de enfermedades.<br/> \n2) RealizaciГіn de actividades educativas sobre diferentes temГЎticas de salud en distintos sectores de la comunidad (escuelas, centros de jubilados, centros de salud, entre otros).<br/>\n3) ParticipaciГіn en actividades educativas intersectoriales con diferentes instituciones, en distintos puntos de la ciudad. <br/>\n4) ElaboraciГіn de materiales impresos o sonoros con diversas temГЎticas en relaciГіn con la PromociГіn de la Salud y PrevenciГіn de la Enfermedad.<br/>','active'),(7,83,79,'1) Brindar asesorГ­a a escuelas a fin de la instalaciГіn de Kioscos Saludables.<br/>\n2) CapactiaciГіn sobre todas las temГЎticas relacionadas con implementaciГіn de kioscos saludables Escolares.  <br/>\n3) EducaciГіn Alimentaria y Nutricional a escolares.      <br/>\n4) CapacitaciГіn a Docentes, Padres y Personal de los Kioscos Escolares.                                                            <br/>\n5) ParticipaciГіn en la elaboraciГіn de documentos y normativas que regulen el funcionamiento del kiosco escolar.                                                                        <br/>\n6) ConformaciГіn de lazos interinstitucionales    <br/>','active'),(8,20,79,'1 )ALIMENTOS:<br/>\nServicios de anГЎlisis de alimentos que abarcan diferentes aspectos relacionados tanto con la composiciГіn del alimento de interГ©s de regional y nacional, caracterizaciГіn de materias primas tradicionales o no, asГ­ omo evaluaciones de la calidad nutricional y rotulado alimentario.<br/>\n-DeterminaciГіn de parГЎmetros fГ­sicos (pH, sГіlidos solubles, viscosidad, densidad).<br/>\n-AnГЎlisis de la composiciГіn centesimal de alimentos (humedad, cenizas, proteГ­nas, grasas totales, hidratos de carbono, lactosa)<br/>\n- DeterminaciГіn de fibra dietaria total, soluble e insoluble<br/>\n- DeterminaciГіn de minerales (sodio, fГіsforo, calcio, magnesio, hierro).<br/>\n- DeterminaciГіn del perfil de ГЎcidos grasos <br/>\n- DeterminaciГіn de compuestos fenГіlicos totales, flavonoides, taninos, carotenoides, ГЎcido ascГіrbico, antocianinas.<br/>\n- DeterminaciГіn de la Aw.<br/>\n- Vida Гєtil.<br/>\n- Se ofrece confecciГіn del rotulado nutricional de acuerdo a la legislaciГіn vigente<br/>\n2) CAPACITACIONES Y DIRECCIONES TГ‰CNICAS:<br/>\n Visitas diagnГіstico, entrenamiento especГ­fico y asesorГ­a a Industrias y Servicios de AlimentaciГіn para la implementaciГіn de los estГЎndares o normas:<br>\n-Buenas PrГЎcticas de Manufactura (BPM)<br>\n-AnГЎlisis de Riesgo y Puntos CrГ­ticos de Control (HACCP). <br/>\n-Manipulaciones higiГ©nica de alimentos <br/>\n3) ASESORAMIENTO:<br/>\nEncuadre Legal. CГіdigo Alimentario Argentino<br/>\nTRANSFERENCIA AL MEDIO:<br/>\n- Capacitaciones de IndustrializaciГіn a pequeГ±a escala.<br/>\n- ElaboraciГіn de alimentos saludables, seguros y con propiedades funcionales. <br/>\n- Cursos: Conservas, derivados lГЎcteos, bebidas, productos cГЎrnicos, etc.<br/>','active'),(9,84,79,'1) DetecciГіn de Leishmania spp en muestras de diversos orГ­genes mediante microscopГ­a, cultivo y/o biologГ­a molecular.<br/>\n2) Aislamiento de levaduras vГ­nicas.<br/>','active'),(10,7,123,'Breve resumen del grupo<br/>\nEl Laboratorio de Edificios BioclimГЎticos aborda el diseГ±o, monitoreo experimental y simulaciГіn computacional de edificios sustentables y su equipamiento de manera de lograr condiciones higrotГ©rmicas y lumГ­nicas adecuadas al uso del mismo, minimizando el consumo de energГ­a convencional, disminuyendo la emisiГіn de gases de efecto invernadero y utilizando sistemas constructivos y tecnologГ­as adecuadas al lugar, a los conocimientos de tГ©cnicos y obreros locales y a las posibilidades de mantenimiento de los mismos. El grupo cuenta con amplia experiencia en temas de diseГ±o bioclimГЎtico, sistemas solares de calefacciГіn, aplicaciГіn de energГ­as renovables en edificios, desarrollo de software de simulaciГіn tГ©rmica, monitoreo experimental, auditorГ­as energГ©ticas y utilizaciГіn de termografГ­a infrarroja en edificios histГіricos, entre otros<br/>\n \n\nSERVICIOS<br/>\n\nEl laboratorio realiza actividades de asesoramiento y servicios a organismos pГєblicos y privados, entre los que se cuentan:<br/>\n\nDiseГ±o de edificios con aprovechamiento de la energГ­a solar:<br/>\nA partir de un proyecto en etapa inicial, se discute con el arquitecto o diseГ±ador las posibilidades de adaptar la vivienda o edificio para incluir estrategias bioclimГЎticas para hacerla mГЎs confortable y eficiente.<br/>\n\n \n\nAuditorГ­as energГ©ticas de edificios convencionales y bioclimГЎticos:<br/>\nSe realizan mediciones de la temperatura y humedad relativa en el interior de viviendas y edificios durante periodos de varios dГ­as, para estudiar las condiciones de confort en los mismos. Se utilizan sensores pequeГ±os que se ubican en los espacios interiores y que no afectan a las actividades habituales de los ocupantes.<br/>\n\n \n\nServicio de mapeo tГ©rmico:<br/>\nEl mapeo tГ©rmico es el proceso de registro y anГЎlisis de datos de temperatura de diferentes zonas de un local o depГіsito, que permite conocer la distribuciГіn de temperatura en un ГЎrea definida. Se obtiene colocando un apropiado nГєmero de sensores data loggers (dispositivos recolectores de datos) en diferentes ubicaciones del ocal, para que se registren las variaciones de temperatura durante un determinado tiempo. El estudio de mapeo tГ©rmico proporciona informaciГіn para determinar si el depГіsito cumple con sus especificaciones de almacenamiento requeridas por normativas y especificaciones de los productos almacenados (por ejemplo, productos farmacГ©uticos).<br/>\n    вЂў SimulaciГіn computacional de las condiciones tГ©rmicas interiores de viviendas y edificios:<br/>\nEl grupo cuenta con el desarrollo de diferentes softwares de simulaciГіn computacional para analizar el comportamiento tГ©rmico de un edificio. Con ello, se puede predecir cuГЎl serГЎ la temperatura a lo largo del dГ­a y detectar situaciones de excesivo calor o frГ­o que puedan ocurrir en la vivienda, segГєn el diseГ±o propuesto y el clima.<br/>\nEl asesoramiento puede incluir desde un anГЎlisis exhaustivo teniendo en cuenta el comportamiento dinГЎmico de la vivienda, a un anГЎlisis simple en estado estacionario, segГєn la necesidad de la parte interesada.<br/>\n\n    вЂў MediciГіn de emisividad infrarroja e Г­ndice de reflectancia solar:<br/>\nMediciones de la emisividad infrarroja e Г­ndice de reflectancia solar IRS segГєn las normas vigentes de materiales de construcciГіn.<br/>\n\n    вЂў MediciГіn de propiedades tГ©rmicas y Гіpticas de materiales de construcciГіn:\nDeterminaciГіn de la resistencia tГ©rmica global, conductividad tГ©rmica y coeficiente global de pГ©rdida de calor en muros y/o materiales de construcciГіn. MediciГіn de transmitancia solar y visible de materiales transparentes.<br/>\n\n    вЂў Dictado de curso de acondicionamiento bioclimГЎtico y simulaciГіn computacional:<br/>\nDictado de cursos a nivel de actualizaciГіn profesional y de posgrado.<br/>\n\n    вЂў TermogafГ­a infrarroja de edificios histГіricos y construcciones en general:<br/>\nLa termografГ­a infrarroja es una tГ©cnica no destructiva con variedad de aplicaciones en edificios. Mediante inspecciГіn con cГЎmara termogrГЎfica es posible detectar patologГ­as constructivas (puentes tГ©rmicos, mala instalaciГіn de aislaciГіn tГ©rmica, humedad, etc.) y tambiГ©n determinar el tipo de material con el que estГЎ construido el muro en base a las diferencias de temperatura causadas por las diferentes conductividades tГ©rmicas de los materiales empleados. En edificios histГіricos se utiliza principalmente para reconocer los materiales.<br/>','active'),(11,7,124,'El estudio del recurso solar constituye un insumo imprescindible para el diseГ±o de polГ­ticas pГєblicas energГ©ticas que incluyan las energГ­as renovables, aportando principalmente a la planificaciГіn y ejecuciГіn de proyectos de energГ­a solar de diversa escala. <br/>\n\nPodemos generar mapas de irradiaciГіn solar a partir del procesamiento de datos satelitales con una resoluciГіn del orden de 10 km2. Los datos satelitales se validan con comparaciones, con mediciones reales de estaciones meteorolГіgicas disponibles para la zona y estimaciones por mГ©todos matemГЎticos de radiaciГіn de dГ­a claro aplicadas en estaciones virtuales.<br/>\n\nLas capas temГЎticas de radiaciГіn solar se presentan integradas en un Sistema de InformaciГіn GeogrГЎfica (SIG) desarrollado con software libre. <br/>\n\nEl atlas de radiaciГіn solar se entrega en diversos formatos para facilitar su consulta y uso. En el caso de soporte digital, se presenta el SIG en formato QGIS y un proyecto con extensiГіn .kmz para su proyecciГіn en Google Earth.<br/>\n\nSoftware de estimaciГіn de generaciГіn fotovoltaica y de Agua Caliente Sanitaria.<br/>\nPodemos proveer ademГЎs de un Sistema de InformaciГіn Web de consulta espacial y temporal de datos de radiaciГіn solar y temperatura que permite realizar evaluaciones tГ©cnico-financieras de sistemas solares (paneles fotovoltaicos y calefones solares).<br/>\nAgregando los planes de fomento de uso o crГ©ditos disponibles en la regiГіn. <br/>','active'),(12,7,125,'El G3E brinda asesoramiento sobre el diseГ±o de edificios bioclimГЎticos pГєblicos y privados con aprovechamiento de la energГ­a solar para su calefacciГіn y refrescamiento. <br/> \n\n    вЂў DiseГ±o tГ©rmico de edificios bioclimГЎticos:<br/>\nSus investigadores desarrollan un trabajo interdisciplinario con los arquitectos y/o ingenieros encargados de la construcciГіn del edificio a fin de determinar las estrategias bioclimГЎticas de aprovechamiento del sol y el viento mГЎs adecuadas para incluir en el diseГ±o edilicio segГєn el clima y la localizaciГіn del futuro edificio. <br/>\n\n    вЂў DiseГ±o y dimensionamiento de muros Trombe para calefacciГіn de edificios\nEl G3E realiza el diseГ±o y dimensionamiento de muros Trombes para colecciГіn y acumulaciГіn de energГ­a solar destinados a la calefacciГіn pasiva de edificios. Ha diseГ±ado los muros Trombes del Hospital Materno Infantil de Susques en la Provincia de Jujuy (foto izquierda) y del Colegio Secundario de El Alfarcito en Salta (derecha).<br/>\n\n    вЂў AuditorГ­as termo-energГ©ticas:<br/>\nEl comportamiento termo-energГ©tico de los edificios es evaluado por este grupo mediante la realizaciГіn de auditorГ­as tГ©cnicas en las cuales se monitorean, con equipamiento de Гєltima generaciГіn, las variables climГЎticas exteriores e interiores y los consumos energГ©ticos de climatizaciГіn a fin de evaluar el nivel de eficiencia energГ©tica de los edificios auditados. <br/>\n\n    вЂў SimulaciГіn computacional dinГЎmica<br/>\nRealiza evaluaciones del comportamiento tГ©rmico de edificios mediante simulaciГіn computacional dinГЎmica con un software desarrollado en el INENCO a fin de detectar fortalezas y debilidades constructivas desde el punto de vista del consumo energГ©tico de climatizaciГіn y proponer mejoras estructurales para su resiliencia energГ©tica ante el cambio climГЎtico. <br/>\n\n    вЂў Desarrollo de colectores calentadores de aire para calefacciГіn de edificios<br/>\nEl grupo ha desarrollado y transferido distintos prototipos de colectores solares calentadores de aire pasivos (por convecciГіn natural) y activos (con flujo forzado). Realiza el diseГ±o y dimensionamiento de instalaciones de calentamiento solar de aire mediante un software desarrollado y validado por el grupo (CLOE).<br/>\n\n    вЂў Desarrollo de software <br/>\nHa desarrollado programas de software de diseГ±o y simulaciГіn del funcionamiento de sistemas solares tГ©rmicos y de evaluaciГіn del recurso solar entre los que se mencionan GEOSOL y PREDISE y equipos de mediciГіn electrГіnicos de distintas variables con la tecnologГ­a Arduino. <br/>\n\n\n    вЂў Dictado de cursos sobre el aprovechamiento del recurso solar en la edificaciГіn<br/>\nEl grupo brinda capacitaciГіn sobre todos estos temas mediante cursos de postgrado y de capacitaciГіn a profesionales y pГєblico en general.<br/>\n\n','active'),(13,7,126,'\n    вЂў Control de calidad de valores medidos de radiaciГіn solar segГєn normas BSRN (mГ©todo de Roesch-Long) en bases de datos medidos. ComparaciГіn contra valores estimados por modelos satelitales (SARAH, CMSAF, etc.). AnГЎlisis estadГ­stico.<br/>\n    вЂў EstimaciГіn de valores de turbidez atmosfГ©rica (пЃў de Angstrom) mediante valores medidos de DNI bajo condiciones de cielo claro (mГ©todo de Yang).<br/>\n    вЂў Estudio y CaracterizaciГіn de la radiaciГіn solar UVer.<br/>\n    вЂў AnГЎlisis de valores medidos de irradiancia solar espectral. ComparaciГіn contra modelos (SMARTS) para estudios de cambio climГЎtico.<br/>\n    вЂў EstimaciГіn de producciГіn de energГ­a elГ©ctrica de centrales solares del tipo Parabolic trough a partir de datos de irradiancia DNI. ComparaciГіn contra SAM (NREL).<br/>\n    вЂў FormaciГіn de recursos humanos.<br/>\nDictado de cursos y workshops<br/>','active'),(14,7,127,'    1. Ensayos Rx y otros, para evaluar el deterioro de paneles fotovoltaicos (fundamentalmente del EVA o material encapsulante).<br/>\n    2. UtilizaciГіn de telefonГ­a celular para enseГ±anza a escolares en escuelas rurales sin acceso al servicio elГ©ctrico (combina el uso eficiente del software del celular con la energГ­a solar fotovoltaica).<br/>\n    3. Ensayo general y caracterizaciГіn de equipos y partes (tambiГ©n luminarias led) de sistemas fotovoltaicos.<br/>\n','active'),(15,7,128,'Esta ГЎrea del Instituto se dedica a la investigaciГіn y desarrollo de aplicaciones que utilizan energГ­a solar tГ©rmica de concentraciГіn para calor de procesos industriales. Se estudiГі durante varios aГ±os la tecnologГ­a Fresnel lineal, lo que permitiГі la construcciГіn de un prototipo de 173 m2 de ГЎrea de colecciГіn para la generaciГіn directa de vapor de agua, asociada a un sistema de acumulaciГіn tГ©rmica en un bloque de hormigГіn de 12 toneladas. La experiencia permitiГі el desarrollo de tecnologГ­as propias, tanto en lo relacionado con las superficies reflectoras como en el sistema de seguimiento y control automГЎtico del sistema. \nTambiГ©n se encuentra en desarrollo la tecnologГ­a de Horno Solar para el procesamiento de minerales a altas temperaturas. Г‰ste trabaja con temperaturas entre 500 C y 1000 C que se obtienen a partir de altas relaciones de concentraciГіn. El sistema estГЎ compuesto por un conjunto de heliГіstatos, un reflector secundario y un receptor tГ©rmico. Actualmente este desarrollo estГЎ aplicado al tratamiento de boratos.\n','active'),(16,7,129,'IntroducciГіn<br/>\nLos integrantes del grupo se dedican a la evaluaciГіn de las instalaciones fotovoltaicas que tienen pocos aГ±os de uso, hasta aquellas que superaron holgadamente la dГ©cada de servicio. <br/>\nCon la inspecciГіn de los sistemas se brinda asesoramiento, capacitaciГіn, redimensionado y se crea una base de datos para compararlos con futuros peritajes.<br/>\n\nZonas de prestaciГіn de servicios <br/>\nLa extensa geografГ­a del norte argentino estГЎ formada por una amplia variedad de regiones, como regiones de montaГ±as, valles, selvas, sierras, regiones semiГЎridas entre otras en donde existen instalaciones fotovoltaicas aisladas (Off-grid) en escuelas, puestos sanitarios, puestos rurales, establecimientos agrГ­colas solo para mencionar algunos de ellos.<br/>\nEn las ciudades principales hay edificios pГєblicos y privados que poseen sistemas fotovoltaicos.<br/>\n\nEvaluaciГіn de sistemas fotovoltaicos<br/>\n\nEvaluaciГіn de mГіdulos fotovoltaicos: <br/>\n    1. OrientaciГіn.<br/>\n    2. Limpieza.<br/>\n    3. Caja de conexiones, borneras.<br/>\n    4. Cables: estado general, aislaciГіn, dimensionamiento correcto.<br/>\n    5. DegradaciГіn<br/>\n<br/>\nPara todos los ensayos se traza la curva de I/V de cada mГіdulo utilizando carga electrГіnica y se las compara con las curvas de la instalaciГіn inicial, si las hubiera, o datos del fabricante. <br/>\n\nEvaluaciГіn de los controladores de carga: <br/>\n    1. Control de corriente de carga<br/>\n    2. Control de corte de carga por alta.<br/>\n    3. Control de corte de carga por baja<br/>\n<br/>\nEvaluaciГіn de las baterГ­as: <br/>\n    1. Densidad.<br/>\n    2. Estado de los bornes de conexiГіn.<br/>\n    3. Ciclo de carga, descarga y retenciГіn.<br/>\n    4. Descarga profunda<br/>\n<br/>\nEvaluaciГіn de inversores:<br/>\n    1. Frecuencia<br/>\n    2. TensiГіn<br/>\n    3. Tipo de onda senoidal: cuadrada, semicuadrada, pura.<br/>\n<br/>\nEvaluaciГіn y pruebas en laboratorio:<br/>\n\nMГіdulos fotovoltaicos<br/>\n    1. PГ©rdidas de adhesiГіn del encapsulante.<br/>\n    2. DegradaciГіn en la interconexiГіn celda/mГіdulo.<br/>\n    3. DegradaciГіn en los dispositivos semiconductores.<br/>\n    4. Roturas de las celdas.<br/>\n    5. CorrosiГіn.<br/>\n    6. DelaminaciГіn.<br/>\n    7. DecoloraciГіn del encapsulante.<br/>\n    8. Fallas en las soldaduras.<br/>\n    9. Rotura del vidrio.<br/>\n    10. Puntos calientes<br/>\n<br/>\nAsesoramiento y capacitaciГіn.<br/>\nLos integrantes del grupo realizan asesoramiento de diseГ±o, cГЎlculo y usos de sistemas fotovoltaicos.<br/>\nEn sistemas ya instalados se realiza un relevamiento sobre el conocimiento que poseen los usuarios de los sistemas para el dictado de una capacitaciГіn del uso adecuado de los mismos.<br/>\nSe dictan talleres de aprendizajes sobre el manejo de la tecnologГ­a y las buenas prГЎcticas que se deben aplicar.<br/>\n','active'),(17,7,130,'Breve resumen de las actividades del Grupo:<br/>\nUna parte de la oferta del Grupo de Uso Racional de la EnergГ­a, Eficiencia EnergГ©tica y Desarrollo Socio-Productivo abarca el diseГ±o, desarrollo, monitoreo experimental y simulaciГіn computacional de sistemas de generaciГіn de energГ­a a baja entalpГ­a orientados a la industria. En esta ГЎrea, los desarrollos del grupo se han orientado al secado solar de productos agroindustriales en cargas superiores a la tonelada, con relevancia en el secado de pimiento para pimentГіn, tabaco, aromГЎticas, cultivos andinos y hortalizas. <br/>\n\nPor otra parte, integrantes del Grupo se abocan a los estudios de eficiencia energГ©tica y ahorro energГ©tico en industria y al anГЎlisis de planificaciГіn energГ©tica, con enfoque en el acceso a la energГ­a como derecho humano. En esta ГЎrea se estudia las aplicaciones de las energГ­as renovables como elemento estratГ©gico con potencial para fomentar la equidad intra e intergeneracional. Se trabaja con el Concepto de Sustentabilidad ampliado (sociales, de gobernanza, ambientales, tecnolГіgicos y econГіmicos) y con el Concepto de inclusiГіn social y tecnologГ­as para la inclusiГіn social, realizando anГЎlisis socio tГ©cnico.<br/>\n\n\nServicios:<br/>\nEl Grupo actividades de asesoramiento y de servicios destinados a organismos pГєblicos y privados, entre los cuales se encuentran:<br/>\n\nDiseГ±o de sistemas de secado solar de alimentos: El secado solar es un mГ©todo muy adecuado para preservaciГіn de cosechas, y obtener producciГіn sustentable, con control de calidad y con valor agregado. La escala de los secadores solares diseГ±ados va desde la decena de kilogramos a varias toneladas. El abanico de posibilidades es amplio: secado de pimiento para pimentГіn, carne seca, hortalizas, uva, orГ©gano y aromГЎticas, y productos andinos y regionales (quinoa, papa andina, yacГіn). El Grupo se especializa en el diseГ±o, el desarrollo y el monitoreo de secadores solares, e hГ­bridos (solares-elГ©ctricos, solares-quemado de gas y solares-quemado de leГ±a).<br/>\n\nDiseГ±o de estufas de curado de tabaco tipo bulk-curing solares вЂ“ hГ­bridas con uso eficiente de la energГ­a: Uno de los mГЎs nuevos desarrollos del Grupo se centra en el anГЎlisis energГ©tico del proceso de curado de tabaco tipo Virginia en el Valle de Lerma, Salta, Argentina. El anГЎlisis de la eficiencia energГ©tica del proceso de curado tradicional en estufas de tipo bulk-curing con quemador de gas, ha llevado a identificar los factores sensibles en las distintas etapas de curado, cuantificando las transferencias de calor y el rendimiento del sistema de curado tradicional. Con ello, se ha intervenido sobre el proceso tradicional de curado, proponiendo un sistema hГ­brido solar вЂ“ quemado de gas, autГіnomo, y con aprovechamiento secundario de calor de deshecho que permite disminuir el consumo de gas en hasta un 70% respecto a una estufa tradicional.<br/>\n\nDiseГ±o de sistemas de calentamiento de baja entalpГ­a: Asociado a los servicios anteriores, se encuentra el diseГ±o, construcciГіn y modelizaciГіn computacional de sistemas de calentadores solares de aire y agua. El grupo posee experiencia en el desarrollo y modelizaciГіn de calentadores solares de aire planos y de alta eficiencia, como asГ­ tambiГ©n en el desarrollo de colectores concentradores. AdemГЎs, se cuenta con experiencia en el diseГ±o de sistemas de calentamiento de agua, y de provisiГіn de electricidad y agua caliente mediante sistemas hГ­bridos fotovoltaicos tГ©rmicos. La aplicaciГіn de los sistemas diseГ±ados se centra en el calentamiento de recintos (colectores de aire) para secado solar y calefacciГіn, y en la provisiГіn de agua caliente sanitaria y electricidad (colectores hГ­bridos fotovoltaico-tГ©rmicos). <br/>\n\nMediciГіn de parГЎmetros fГ­sicos. Control y telemetrГ­a aplicado a sistemas industriales. CalibraciГіn de sensores de temperatura y humedad: Se desarrollaron sistemas de toma de datos, control y logueo remoto destinado a sistemas solares industriales. Con ello se cuenta con la capacidad de registrar las variables fГ­sicas relevantes en un sistema solar, realizar el control de procesos en funciГіn de las mediciones realizadas, y registrar y controlar los equipos de manera remota. TambiГ©n se cuenta con un conjunto de termГіmetros patrones secundarios y de punto triple, que permiten calibrar sensores de temperatura en el rango (-10 В°C a 300 В°C) y sensores de humedad relativa en rango 0 a 97 %.<br/>\n\nModelizaciГіn computacional de sistemas de secado solar y colectores solares: El Grupo cuenta con el desarrollo de varios softwares de simulaciГіn que permiten el prediseГ±o de sistemas de secado solar de alimentos, con carga desde la decena de kilogramos hasta las toneladas. AdemГЎs, se desarrollaron programas de simulaciГіn y diseГ±o de sistemas de calentadores solares de aire y de agua. De esta manera, se cuenta con herramientas que permiten predecir la temperatura de salida de un conjunto de colectores solares, de aire o de agua.<br/>\n\nEstimaciГіn de Г­ndices socioeconГіmicos para el desarrollo de energГ­as renovables: Se estimaron distintos Г­ndices utilizados para la evaluaciГіn de aspectos poblacionales relativos a la situaciГіn de privaciГіn relativa, acceso a la energГ­a, carga econГіmica del acceso a la energГ­a con respecto al ingreso total familiar, pobreza energГ©tica, vulnerabilidad energГ©tica y un Г­ndice de desarrollo residencial de la energГ­a solar con una perspectiva basada en la inclusiГіn social. Estos Г­ndices han sido estimados y mapeados, mediante el empleo de sistemas de informaciГіn geogrГЎficos, para todo paГ­s y al nivel de radio censal. Por otro lado, se ha estimado un indicador de pobreza energГ©tica para los aglomerados urbanos de argentina, cubriendo trimestralmente desde el aГ±o 2003 a la actualidad. Mediante este indicador se ha evaluado la composiciГіn de los hogares en situaciГіn de pobreza energГ©tica y la intensidad con que esta actГєa en los distintos aglomerados urbanos y el paГ­s.<br/>\n\nModelado de sistemas sociales:  A partir de la utilizaciГіn de tГ©cnicas y mГ©todos de anГЎlisis de grandes bases de datos (Big data) se han definido y validado modelos de vulnerabilidad socio energГ©tica. Estos modelos permiten describir y comprender contextualmente la situaciГіn de pobreza energГ©tica, acceso a las fuentes residenciales de energГ­a y vulnerabilidad socio energГ©tica. Como resultado, se han mapeado y caracterizado agrupaciones (clusters) poblacionales de acuerdo a distintos niveles de vulnerabilidad. Asimismo, se ha definido y validado un modelo social, que a partir del ordenamiento natural de los datos, permite caracterizar la situaciГіn de pobreza energГ©tica en tГ©rminos de sus diversos aspectos sociales, econГіmicos, de salud, educativos y laborales. <br/>\n\nPlanificaciГіn energГ©tica: El grupo ha desarrollado herramientas analГ­ticas e informГЎticas para la implementaciГіn sustentable de energГ­a solar, con un enfoque de acceso a la energГ­a como derecho humano. Se cuenta con un modelo conceptual de planificaciГіn energГ©tica con un pool de indicadores, que permite evaluar exante y expost los impactos sociales, ambientales y econГіmicos de la implementaciГіn de energГ­a solar. El modelo conceptual fue aplicado a diversos estudios de casos para evaluar la sustituciГіn de fuentes convencionales por energГ­a solar en el sector industrial y residencial (urbano y rural). Se han desarrollado un conjunto de sistemas de soporte a las decisiones que permiten: 1) mapear indicadores de potencial tГ©cnico, econГіmico, ambiental y global de la incorporaciГіn de tecnologГ­a solar; y 2) identificar ГЎreas prioritarias de intervenciГіn para maximizar el bienestar de la poblaciГіn minimizando los costos de inversiГіn y los impactos ambientales negativos. En la actualidad, las herramientas desarrolladas se estГЎn integrando en un sistema de soporte a las decisiones que permita modelar y diseГ±ar una ciudad inteligente, basada en la implementaciГіn de sistemas solares tГ©rmicos y fotovoltaicos. El equipo cuenta con experiencia en la definiciГіn y construcciГіn de escenarios prospectivos, en software especГ­fico, y el desarrollo de evaluaciones financieras y econГіmicas de proyectos de implementaciГіn de energГ­as renovables. La evaluaciГіn de la sostenibilidad social de tecnologГ­as solares se aborda a partir del estudio de la percepciГіn social mediante la aplicaciГіn de la metodologГ­a Q. Para ello, se ha desarrollado una plataforma virtual en base a dicha metodologГ­a, que permite el relevamiento y anГЎlisis de la percepciГіn social. <br/>\n','active'),(18,7,131,'BREVE RESUMEN DEL GRUPO<br/>\nEl Grupo de Г“ptica LГЎser cuenta con gran experiencia en el campo de la metrologГ­a Гіptica, desarrollando e implementando diversas tГ©cnicas para ensayos no destructivos. Trabajamos de manera interdisciplinaria con otros grupos de investigaciГіn contribuyendo con aplicaciones de variada Г­ndole en campos tales como industria, salud, ingenierГ­a, energГ­a y medio ambiente, entre otros.  Nuestro grupo cuenta con tres laboratorios: el laboratorio de MetrologГ­a Г“ptica, el laboratorio de Г“ptica BiolГіgica y el laboratorio de CaracterizaciГіn de PartГ­culas.<br/>\n\nSERVICIOS<br/>\n    вЂў MediciГіn de distribuciГіn de tamaГ±o de partГ­culas<br/>\nEl anГЎlisis de la distribuciГіn de tamaГ±os de materiales particulados es crucial en diversas ГЎreas de la investigaciГіn y la industria (nanotecnologГ­a, geologГ­a, mineralogГ­a, quГ­mica, farmacГ©utica, microbiologГ­a, alimenticia, entre otras). Nuestro laboratorio cuenta con un analizador por difracciГіn lГЎser Horiba LA-950. Empleando el mГ©todo hГєmedo, pueden realizarse anГЎlisis de muestras con partГ­culas entre 0,01 пЃ­m y 3mm, dispersadas en agua desionizada o etanol, presentadas en forma de polvo, suspensiones, emulsiones, pastas, geles o cremas. En el corto plazo, se espera brindar el servicio empleando el mГ©todo seco, en el cual las partГ­culas son dispersadas en una corriente de aire. Complementariamente, se espera ampliar las capacidades del servicio, incorporando tГ©cnicas de tamizado (porcentaje en masa) y de anГЎlisis automatizado de imГЎgenes de microscopГ­a convencional y hologrГЎfica (porcentaje en nГєmero).<br/>\n    вЂў CaracterizaciГіn de microorganismos y microestructuras \nMediante MicroscopГ­a HologrГЎfica Digital (MHD) se realiza la caracterizaciГіn 3D de diversos microorganismos y microestructuras (parГЎsitos, microalgas, bacterias, partГ­culas, cenizas volcГЎnicas) desarrollando y computando descriptores morfolГіgicos tridimensionales. Asimismo, se emplea MHD junto con tГ©cnicas de procesamiento digital de imГЎgenes para la detecciГіn y/o identificaciГіn y/o conteo automГЎtico de ciertos organismos y/o partГ­culas.<br/>\n\n    вЂў Desarrollo de dispositivos de visiГіn automГЎtica y software asociado\nEl grupo ha desarrollado y transferido un microscopio Гіptico automatizado para el recuento de parГЎsitos mГіviles en laboratorio. En particular, este fue aplicado a la detecciГіn y conteo del parГЎsito unicelular Trypanosoma cruzi, agente causante de la enfermedad de Chagas, con el propГіsito de contribuir en investigaciones clГ­nicas sobre esta enfermedad. Sus resultados son mГЎs confiables y el proceso es mГЎs rГЎpido, comparado con las evaluaciones subjetivas realizadas visualmente por un tГ©cnico. <br/>\nActualmente se encuentra en desarrollo un prototipo de microscopio hologrГЎfico digital portГЎtil.<br/>\n\n    вЂў CaracterizaciГіn de sistemas termodinГЎmicos <br/>\nDiferentes mГ©todos (DSPI, Schlieren, PIV, entre otras) se emplean para la visualizaciГіn de flujos y estudios de transferencia de calor y permiten cuantificar gradientes de temperatura y concentraciГіn. Actualmente estamos trabajando en la caracterizaciГіn de materiales de cambio de fase, con fines de acumulaciГіn de energГ­a tГ©rmica. Dicho estudio implica tanto la determinaciГіn de las propiedades Гіpticas y tГ©rmicas de las sustancias, como la visualizaciГіn del avance del frente de cambio de fase.<br/>\n\n    вЂў Estudio de procesos biolГіgicos dinГЎmicos <br/>\nMediante tГ©cnicas de bio-speckle se realiza el estudio de la evoluciГіn de diversos procesos tales como:<br/>\n    вЂў Secado y maduraciГіn de productos agrГ­colas<br/>\n    вЂў EvoluciГіn de colonias bacterianas<br/>\n    вЂў Viabilidad de semillas<br/>\n    вЂў Monitoreo in situ del crecimiento poblacional de microalgas criadas en bioreactores bajo condiciones de aireaciГіn, iluminaciГіn y temperatura controladas.<br/>\n\n    вЂў Mediciones de alta precisiГіn<br/>\nUtilizando distintas tГ©cnicas interferomГ©tricas (interferometrГ­a clГЎsica, hologrГЎfica y speckle) se realizan medidas de alta precisiГіn:<br/>\n    вЂў DeterminaciГіn de propiedades Гіpticas, mecГЎnicas y reolГіgicas de materiales.<br/>\n    вЂў Estudios de sistemas mecГЎnicos y dinГЎmicos (deformaciГіn de sГіlidos, vibraciГіn en placas, etc.).<br/>\n    вЂў Mediciones de Г­ndice de refracciГіn a distintas longitudes de onda de sustancias lГ­quidas a diferentes temperaturas utilizando tanto refractГіmetros comerciales como tГ©cnicas desarrolladas ad hoc.<br/>\n    вЂў Desarrollo de metodologГ­as con fines especГ­ficos.<br/>\n\n\n','active');
/*!40000 ALTER TABLE `OfertasTecno` ENABLE KEYS */;
UNLOCK TABLES;

--
-- Table structure for table `Personas`
--

DROP TABLE IF EXISTS `Personas`;
/*!40101 SET @saved_cs_client     = @@character_set_client */;
/*!40101 SET character_set_client = utf8 */;
CREATE TABLE `Personas` (
  `PersonaId` int(6) unsigned NOT NULL AUTO_INCREMENT,
  `Nombre` varchar(80) COLLATE utf8_spanish_ci NOT NULL DEFAULT '',
  `Apellido` varchar(80) COLLATE utf8_spanish_ci DEFAULT NULL,
  `Cargo` varchar(100) COLLATE utf8_spanish_ci DEFAULT NULL,
  `Email` varchar(50) COLLATE utf8_spanish_ci DEFAULT NULL,
  `Domicilio` varchar(100) COLLATE utf8_spanish_ci DEFAULT NULL,
  `Telefono` varchar(100) COLLATE utf8_spanish_ci DEFAULT NULL,
  `Estado` varchar(10) COLLATE utf8_spanish_ci DEFAULT 'activo',
  `DNI` int(8) unsigned NOT NULL DEFAULT '0',
  `UserId` int(8) unsigned DEFAULT NULL,
  `SitioWeb` varchar(150) COLLATE utf8_spanish_ci DEFAULT NULL,
  PRIMARY KEY (`PersonaId`),
  KEY `UserId` (`UserId`)
) ENGINE=MyISAM AUTO_INCREMENT=23 DEFAULT CHARSET=utf8 COLLATE=utf8_spanish_ci;
/*!40101 SET character_set_client = @saved_cs_client */;

--
-- Dumping data for table `Personas`
--

LOCK TABLES `Personas` WRITE;
/*!40000 ALTER TABLE `Personas` DISABLE KEYS */;
INSERT INTO `Personas` VALUES (1,'MarГ­a del Carmen','Mg. Zimmer','Directora','','','','active',0,0,' '),(2,'VerГіnica','Poderti','Secretaria','','','','active',0,0,' '),(3,'Patricio','Dr. Diosque','Director','','','','active',0,0,' '),(4,'Paola Andrea','Dra. Barros','ViceDirectora','','','','active',0,0,' '),(5,'Raquel','Lic. Guanca','Directora','','','','active',0,9,' '),(6,'Nieve','Mg. Chavez','Directora','','','','active',0,0,' '),(7,'Ruben O.','Dr. Cimino','Director','','','','active',0,0,' '),(8,'Silvana','TUL .Cajal','ViceDirector','','','','active',0,0,' '),(9,'Agustina','Dra .Lotufo Haddad','Directora','','','','active',0,0,' '),(10,'Ines','Lic. Mendoza','ViceDirectora','','','','active',0,0,' '),(11,'Marcela','Mg. Martinez Bustos','Directora','','','','active',0,0,' '),(12,'Adriana','Mg. Ramon','Directora','','','','active',0,9,' '),(13,'Alejandra','Dra. Barrio','Directora','','','','active',0,0,''),(14,'Silvana','Dra. Flores Larsen','Directora','silvanafloreslarsen@gmail.com',' ',' ','active',0,0,' '),(15,'Judith','Dra. Franco','Directora','francojudita@gmail.com ',' ',' ','active',0,0,'http://sisol.salta.gob.ar'),(16,'Alejandro','Dr. HernГЎndez','Director','alejoher65@gmail.com',' ',' ','active',0,0,' '),(17,'German Ariel','Dr. Salazar','Director','germansalazar.ar@gmail.com ',' ',' ','active',0,0,'https://www.researchgate.net/profile/German_Salazar2'),(18,'Carlos','Dr. Cadena','Director','cadenacinenco@gmail.com ',' ',' ','active',0,0,' '),(19,'Marcelo','Dr. Gea','Director',' marcelogea@gmail.com ','','','active',0,0,' '),(20,'Maria Teresa','Dra . Montero Larocca','Directora','maritemontero9@gmail.com ',' ','','active',0,0,' '),(21,'Miguel ','Dr. CondorГ­','Director','miguel.angel.condori@gmail.com',' ',' ','active',0,0,' '),(22,'Gladis Graciela','Dra. Romero','Directora','romeropelayog@gmail.com',' ',' ','active',0,0,' ');
/*!40000 ALTER TABLE `Personas` ENABLE KEYS */;
UNLOCK TABLES;

--
-- Table structure for table `Unidades`
--

DROP TABLE IF EXISTS `Unidades`;
/*!40101 SET @saved_cs_client     = @@character_set_client */;
/*!40101 SET character_set_client = utf8 */;
CREATE TABLE `Unidades` (
  `UnidadId` int(10) unsigned NOT NULL DEFAULT '0',
  `Nombre` varchar(50) COLLATE utf8_spanish_ci NOT NULL DEFAULT '',
  `Descripcion` varchar(150) COLLATE utf8_spanish_ci DEFAULT NULL,
  `Domicilio` varchar(250) COLLATE utf8_spanish_ci DEFAULT NULL,
  `Telefono` varchar(30) COLLATE utf8_spanish_ci DEFAULT NULL,
  `Fax` varchar(30) COLLATE utf8_spanish_ci DEFAULT NULL,
  `Email` varchar(50) COLLATE utf8_spanish_ci DEFAULT NULL,
  `SitioWeb` varchar(150) COLLATE utf8_spanish_ci DEFAULT NULL,
  `FacultadId` int(10) unsigned DEFAULT NULL,
  `Estado` varchar(10) COLLATE utf8_spanish_ci DEFAULT 'activo',
  PRIMARY KEY (`UnidadId`),
  KEY `FacultadId` (`FacultadId`)
) ENGINE=MyISAM DEFAULT CHARSET=utf8 COLLATE=utf8_spanish_ci;
/*!40101 SET character_set_client = @saved_cs_client */;

--
-- Dumping data for table `Unidades`
--

LOCK TABLES `Unidades` WRITE;
/*!40000 ALTER TABLE `Unidades` DISABLE KEYS */;
INSERT INTO `Unidades` VALUES (1,'INIQUI','INIQUI(Ing): Instituto de InvestigaciГіn para la Industria QuГ­mica','Edificio de QuГ­mica - Cs Exactas - Avda. Bolivia 5150 - Complejo Universitario','-','-','-','',6,'activo'),(2,'LE','Laboratorio de Estructuras','Box 901/2 Edificio de Obras y Servicios - Complejo Universitario','0387-4255380','','labestr@unsa.edu.ar','',6,'activo'),(3,'LMSL','Laboratorio de Materiales: Servicios Livianos','Complejo Universitario - Box 414 Block','','','','',6,'activo'),(4,'LMSP','Laboratorio de Materiales: Servicios Pesados','Complejo Universitario - Box 901 Edificio de Obras y Servicios','','','','',6,'activo'),(5,'LSV','Laboratorio de Suelos y VГ­as','Box 414 Block - Complejo Universitario','','','','',6,'activo'),(6,'CIUNSa','CIUNSa: Consejo de InvestigaciГіn','Complejo Universitario - Gral.JosГ© de San MartГ­n - Avda. Bolivia 5150','0387-4255406','',NULL,'www.ciunsa.edu.ar',NULL,'activo'),(7,'INENCO','INENCO: Instituto de EnergГ­as No Convencionales','Complejo Universitario - Edificio de Cs. Exactas - Avda. Bolivia 5150','0387 - 4255424/5423','0387 - 4255489','-','www.inenco.net',2,'activo'),(8,'ICMASA','ICMASA: Instituto de IngenierГ­a Civil y Medio Ambiente','Complejo Universitario - Gral.JosГ© de San MartГ­n - Avda. Bolivia 5150','-','','','',6,'activo'),(9,'INASLA','INASLA: Instituto de Aguas SubterrГЎneas para LatinoamГ©rica','Edificio de Cs. Naturales - Escuela de GeologГ­a - C?tedra de Hidrogeolog','+54 387 4255397','+54 387 4255455','inasla@unsa.edu.ar','-',3,'activo'),(10,'CIDIA','CIDIA: Centro de InvestigaciГіn y Desarrollo de InformГЎtica Aplicada','Edificio de Cs. Exactas Dpto InformГЎtica - Box 17 - 2? Piso','0387 - 4255476','-','cidia@unsa.edu.ar','http://cidia.unsa.edu.ar',2,'activo'),(11,'IRNED','IRNED: Instituto de Recursos Naturales y Ecodesarrollos','Edificio de Cs. Naturales','03875-423083 Int 5022','-','-','-',3,'activo'),(12,'INEAH','INEAH: Instituto de EcologГ­a y Ambiente Humano','Edificio de Cs. Naturales','','','','',3,'activo'),(13,'ASAE','AsociaciГіn Argentina de EcologГ­a','Edificio de Cs. Naturales','','','','',3,'activo'),(14,'LP-INIQUI','Laboratorio de PetroquГ­mica','Dpto. Planta Piloto 1 - Edificio de Ingenier','0387-4255343','','','',6,'activo'),(15,'Termod I-II','CГЎtedra de TermodinГЎmica I y II','Dpto. de IngenierГ­a Industrial - Edificio de IngenierГ­a','0387-4255353','','','',6,'activo'),(16,'IIENPo','IIENPo: Instituto de Investigaciones en EvaluaciГіn Nutricional de Poblaciones','Facultad de Ciencias de la Salud. Planta Baja Av. Bolivia 5150 - (4400) - Salta Capital',' (54) (387) 425-5456','','iienpo@unsa.edu.ar ','http://www.unsa.edu.ar/iienpo/index.php/contacto',4,'activo'),(17,'IIED','IIED: Instituto de InvestigaciГіn de EducaciГіn a Distancia','Ed. de Cs. de la Salud - Complejo Universitario','0387-4255404/5619','-','brionesg@unsa.edu.ar','',4,'activo'),(18,'IPE','IPE: Instituto de PatologГ­a Experimental',' Facultad de Ciencias de la Salud. Edificio Edificio A. Av. Bolivia 5150 - (4400) - Salta Capital','(54) (387) 425-5533','','ipe@unsa.edu.ar','https://ipe.conicet.gov.ar/',4,'activo'),(19,'IISA','IISA: Instituto de InvestigaciГіn y AnГЎlisis Sensorial de Alimentos','rsidad Nacional de Salta. Facultad de Ciencias de la Salud. Edificio A. Av. Bolivia 5150 - (4400) - Salta Capital','(54) (387) 425-5540 ','-','ramon@unsa.edu.ar ','http://www.unsa.edu.ar/iisa/ ',4,'activo'),(20,'LCTA','Laboratorio de Ciencias y TecnologГ­as de los Alimentos','Facultad de Ciencias de la Salud. Edificio Multifuncaional. Planta Baja. Av. Bolivia 5150 - (4400) - Salta Capital','(54) (387) 425-5521','-','-','',4,'activo'),(21,'IIEnf','IIEnf: Instituto de InvestigaciГіn de EnfermerГ­a','. Facultad de Ciencias de la Salud. Edificio Multifuncaional Box 4. Av. Bolivia 5150 - (4400) - Salta Capital',' (54) (387) 425-8630 ','-','telsalud@unsa.edu.ar','',4,'activo'),(22,'TS','TelГ©fono de la Salud','Facultad de Ciencias de la Salud. Edificio Multifuncaional Box 6. Av. Bolivia 5150 - (4400) - Salta Capital',' (54) (387) 425-5456 ','-','telsalud@unsa.edu.ar','http://fsalud.unsa.edu.ar/telsalud/',4,'activo'),(23,'INIQUI','INIQUI(Ex): Instituto Nacional para la Industria Qu?mica','Edificio de QuГ­mica - Fac. de Cs. Exactas',NULL,NULL,NULL,NULL,2,'activo'),(24,'FUNDALTES','FUNDALTES: FundaciГіn Altos Estudios de la Universidad Nacional de Salta','Buenos Aires 177','-','-','-','-',9,'activo'),(25,'INBEMI','INBEMI: Laboratorio de Beneficios de Minerales','Complejo Universitario - Edificio de Cs. Exactas - Avda. Bolivia 5150','-','-','-','-',6,'activo'),(26,'HIDRAULICA','HidrГЎulica - Esc.Ing.Civil','Edificio de IngenierГ­a','-','-','-','-',6,'activo'),(27,'LM','Laboratorio de Materiales-INIQUI-CONICET','Edificio de Ingenier','-','-','-','-',6,'activo'),(28,'PPA','Planta Piloto de Alimentos-INIQUI','Edificio de Ingenier','-','-','-','-',6,'activo'),(29,'Unipersonal','UNIPERSONAL(Ex)','Fac.Exactas',NULL,NULL,NULL,NULL,2,'activo'),(30,'Grupo','Grupo de Trabajo de Exactas','Fac.Exactas',NULL,NULL,NULL,NULL,2,'activo'),(31,'GOL','GOL: Grupo de Optica LГЎser','Edificio de FГ­sica','0387 - 4255462','-','-','-',2,'activo'),(32,'Bro','BromatologГ­a','Edificio de QuГ­mica','-','-','-','-',2,'activo'),(33,'LB','Laboratorio de BiocatГЎlisis','Edificio de QuГ­mica',NULL,NULL,NULL,NULL,2,'activo'),(34,'UNSa','UNSa: Universidad Nacional de Salta','Avda Bolivia NВ° 5150 - Campo CastaГ±ares - Salta',NULL,NULL,NULL,'www.unsa.edu.ar',9,'activo'),(35,'unipersonal','UNIPERSONAL(Nat)','Edificio de Naturales','4255435','-','novaralj@unsa.edu.ar','-',3,'activo'),(36,'Lab.','Laboratorio de QuГ­mica BiolГіgica','Edificio de Naturales','5625','-','ineslq@unsa.edu.ar','-',3,'activo'),(37,'geonorte','Instituto GEONORTE','Edificio de Geolog','4255441','-','viramonte@unsa.edu.ar','-',3,'activo'),(38,'LMyE','ICMASA: Laboratorio de Materiales y Estructuras','Facultad de IngenierГ­a','5615/5616 (internos)','-','mwtoledo@unsa.edu.ar','-',6,'activo'),(39,'LEA','Laboratorio de Estudios Ambientales','Facultad de IngenierГ­a','4255424','-','gloria@unsa.edu.ar','-',6,'activo'),(40,'LA','Laboratorio de Alimentos','Facultad de IngenierГ­a','4255362','-','armadam@unsa.edu.ar','-',6,'activo'),(41,'unipersonal','UNIPERSONAL(Ing)','Facultad de IngenierГ­a','4255311','-','orlando@unsa.edu.ar - finetti@unsa.edu.ar','-',6,'activo'),(42,'LCA','Laboratorio de Calidad de Agua','Facultad de IngenierГ­a','4255455','','msalusso@unsa.edu.ar','',3,'activo'),(43,'LES','ICMASA: Laboratorio de Ensayos de Suelos','Facultad de IngenierГ­a','4255420 - internos:  5615-5616','','','',6,'activo'),(44,'NAT','Facultad de Ciencias Naturales','Facultad de Cs. Naturales','-','-','-','-',3,'activo'),(45,'ING','Facultad de IngenierГ­a','Facultad de IngenierГ­a','-','-','-','-',6,'activo'),(46,'I.F.L.R','Instituto de Folklore y Literatura Regional','Facultad de Humanidades','','','','',5,'activo'),(47,'CZA','CГЎtedra de ZoologГ­a AgrГ­cola','Facultad de Cs. Naturales','','','','',3,'activo'),(48,'Lab. Inv.','Laboratorio de Invertebrados I','Facultad de Cs. Naturales - box 118.','4255437.','','','',3,'activo'),(49,'L.M.B.','Laboratorio de Microbiologia','Facultad de Cs. Naturales -  Agronomia - box 107.','4255496 (laboratorio).','','krieger@unsa.edu.ar.','',3,'activo'),(50,'D.L','Dpto de Lenguas Modernas','facultad de Humanidades - 1В° piso box 210.',' 4255549.','','lenguas@unsa.edu.ar','',5,'activo'),(51,'CEPHIA','CEPHIA: Centro para la PromociГіn de las Investigaciones en Historia y AntropologГ­a','Edificio Central 2В° Piso','-','-','-','-',5,'activo'),(52,'PSCS','PrestaciГіn de Servicios de CapacitaciГіn en Salud','Dpto de EnfermerГ­a - Fac. de Cs. de la Salud','0387 - 4255636','-','apereyra@unsa.edu.ar','-',4,'activo'),(53,'MC','MecГЎnica Computacional','Fac. Cs.Exactas - 1В° Piso - Box 111 bis','-','-','-','-',2,'activo'),(54,'FCE','Facultad de Ciencias Exactas','Edificio de Fac. Cs.Exactas','-','-','-','',2,'activo'),(55,'TM','TecnologГ­a MatemГЎtica','Fac. Cs. Exactas','0387 - 4255381','-','-','-',2,'activo'),(56,'LBr','Laboratorio de BromatologГ­a','Fac.Cs.Exactas - Dpto Qca - 1В° Piso','-','-','charo@unsa.edu.ar','-',2,'activo'),(57,'LQA','Laboratorio de QuГ­mica AnalГ­tica','Fac.CS.Exactas - Dpto Qca - 1В° Piso','0387 - 4255354','-','-','-',2,'activo'),(58,'LQO','Laboratorio de QuГ­mica OrgГЎnica','Fac.Cs.Exactas - Dpto Qca','0387 4255363','-','locateli@unsa.edu.ar','-',2,'activo'),(59,'LQI','Laboratorio de QuГ­mica InorgГЎnica','Fac.Cs.Exactas - Dpto Qca','0387 - 4255360','-','-','-',2,'activo'),(60,'MPS','MaestrГ­a de PolГ­ticas Sociales - Fac. de Humanidades','Facultad de Humanidades','-','-','-','-',5,'activo'),(61,'Cat. Forr. y Cer.','Catedra de Forrajes y Cereales','UNSA - Sede Central','','','','',3,'activo'),(62,'Lab. Biol. Mol.','Laboratorio de BiologГ­a Molecular','Fac. Cs. Naturales',NULL,NULL,NULL,NULL,3,'activo'),(64,'Fac. Cs. Ec.','Facultad de Ciencias Economicas Juridicas y Sociales','Avda. Bolivia 5150 - Salta','','','','',1,'activo'),(65,'Fac. Hum.','Facultad de Humanidades','Avda Bolivia 5150 ','','','','',5,'activo'),(66,'Fac. Salud','Facultad de Ciencias de la Salud','Campo CastaГ±ares','','','','',4,'activo'),(63,'CCIHF','CГЎtedra de Cultivos Industriales, Horticultura y Fruticultura.','Escuela de AgronomГ­a . Fac. Cs Naturales',NULL,NULL,NULL,NULL,3,'activo'),(67,'C. de la M. - UNSa','ComisiГіn de la Mujer - UNSa.','Avda bolivia 5150 - Salta Capital','','','','',5,'activo'),(68,'Departamento de InformГЎtica (CS. Exactas)','Departamento de InformГЎtica','Av. Bolivia NВє 5150','','','','',2,'activo'),(69,'INIQUI','Instituto de Investigaciones para la Industria QuГ­mica','Av. Bolivia 5150','0387-425 5410','387-4251006','','http://www.unsa.edu.ar/iniqui',12,'activo'),(70,'SCT','SecretarГ­a de CooperaciГіn TГ©cnica','Av. Bolivia NВє 5150','0387-425 5555/8661','','sct@unsa.edu.ar','',14,'activo'),(71,'SBU','SecretarГ­a de Bienestar Universitario','Av. Bolivia NВє 5150','','','','',14,'activo'),(72,'Petroleo y Gas','Laboratorio de PetroquГ­mica - PPII','Av. Bolivia 5150','0387-4255553','','','',6,'activo'),(73,'MCNS','Museo de Ciencias Naturales','Mendoza NВє 2','','','','',3,'activo'),(74,'SRO','Sede Regional de OrГЎn','','','','','',7,'activo'),(75,'CIN','Consejo Interuniversitario Nacional','Pacheco de Melo NВє 2080, Ciudad AutГіnoma de Buenos Aires','','','','',12,'activo'),(76,'REUNIF','Red de ExtensiГіn Universitaria \"Universidades hacia la IntegraciГіn de Frontera\"','-','','','','',12,'activo'),(77,'CISEN','CISEN: Centro de Investigaciones Sociales y Educativas del Norte','-','','','','',5,'activo'),(78,'Sec. Ext.','Secretaria de ExtensiГіn Universitaria','-','','','','',14,'activo'),(79,'CONSORCIO SIU','CONSORCIO SIU','-','','','','',12,'activo'),(80,'Editorial de la UNSa','Editorial de la Universidad Nacional de Salta','Av. Bolivia 5150','','','','',14,'activo'),(81,'Sec. AcadГ©mica','SecretarГ­a AcadГ©mica','Avda. Bolivia 5150','','','','',9,'activo'),(82,'IIET','Institudo de InvestigaciГіn de Enfermedades Tropicales','ede Regional Oran. Capital Rudecino Alvarado 751, San RamГіn de la Nueva OrГЎn (4530) Salta',' 03878-421924','-','iiet@unsa.edu.ar','http://www.iiet.unsa.edu.ar/es',NULL,'active'),(83,'KS','Servicio y Programa de EduaciГіn y AlimentaciГіn Saludable \"Kioscos Saludables\" ','Facultad de Ciencias de la Salud. Edificio Multifuncaional Box 6. Av. Bolivia 5150 - (4400) - Salta Capital',' (54) (387) 425-5456','','kioscosaludable2018@gmail.com','http://fsalud.unsa.edu.ar/kioscoSaludable/index.php',NULL,'active'),(84,'LMP','Laboratorio de MicrobiologГ­a y ParasitologГ­a',' Facultad de Ciencias de la Salud. Edificio A. Laboratorio de MicrobiologГ­a. Av. Bolivia 5150 - (4400) - Salta Capital','(54) (387) 425-8640','-','aleba05@yahoo.com','-',NULL,'activo'),(85,'GN','Grupo Nanomateriales',' ',' ',' ',' ',' ',0,'activo');
/*!40000 ALTER TABLE `Unidades` ENABLE KEYS */;
UNLOCK TABLES;

--
-- Table structure for table `Universidades`
--

DROP TABLE IF EXISTS `Universidades`;
/*!40101 SET @saved_cs_client     = @@character_set_client */;
/*!40101 SET character_set_client = utf8 */;
CREATE TABLE `Universidades` (
  `UniversidadId` int(10) unsigned NOT NULL AUTO_INCREMENT,
  `Nombre` varchar(150) COLLATE utf8_spanish_ci DEFAULT NULL,
  `Domicilio` varchar(100) COLLATE utf8_spanish_ci DEFAULT NULL,
  `Telefono` varchar(30) COLLATE utf8_spanish_ci DEFAULT NULL,
  `Fax` varchar(30) COLLATE utf8_spanish_ci DEFAULT NULL,
  `Email` varchar(50) COLLATE utf8_spanish_ci DEFAULT NULL,
  `SitioWeb` varchar(50) COLLATE utf8_spanish_ci DEFAULT NULL,
  `Estado` varchar(10) COLLATE utf8_spanish_ci DEFAULT 'activo',
  PRIMARY KEY (`UniversidadId`)
) ENGINE=MyISAM DEFAULT CHARSET=utf8 COLLATE=utf8_spanish_ci;
/*!40101 SET character_set_client = @saved_cs_client */;

--
-- Dumping data for table `Universidades`
--

LOCK TABLES `Universidades` WRITE;
/*!40000 ALTER TABLE `Universidades` DISABLE KEYS */;
/*!40000 ALTER TABLE `Universidades` ENABLE KEYS */;
UNLOCK TABLES;

--
-- Table structure for table `Usuarios`
--

DROP TABLE IF EXISTS `Usuarios`;
/*!40101 SET @saved_cs_client     = @@character_set_client */;
/*!40101 SET character_set_client = utf8 */;
CREATE TABLE `Usuarios` (
  `UserId` int(11) NOT NULL AUTO_INCREMENT,
  `UserName` varchar(100) COLLATE utf8_spanish_ci NOT NULL,
  `Password` varchar(250) COLLATE utf8_spanish_ci NOT NULL,
  `Salt` varchar(45) COLLATE utf8_spanish_ci DEFAULT NULL,
  `FirstName` varchar(100) COLLATE utf8_spanish_ci NOT NULL,
  `LastName` varchar(100) COLLATE utf8_spanish_ci NOT NULL,
  `Email` varchar(200) COLLATE utf8_spanish_ci NOT NULL,
  `ProfileId` int(10) DEFAULT NULL,
  `Active` bit(1) DEFAULT NULL,
  PRIMARY KEY (`UserId`)
) ENGINE=InnoDB AUTO_INCREMENT=2 DEFAULT CHARSET=utf8 COLLATE=utf8_spanish_ci;
/*!40101 SET character_set_client = @saved_cs_client */;

--
-- Dumping data for table `Usuarios`
--

LOCK TABLES `Usuarios` WRITE;
/*!40000 ALTER TABLE `Usuarios` DISABLE KEYS */;
INSERT INTO `Usuarios` VALUES (1,'mlgarcia','79f014c6b47fc7efba7d3246fd2a99cfc921f380c38ab769d5df8884f8935c98f110a4e909bbd340fc53c1898f1c69d303a572fc9c2f0fe4c1144f05fcb534f8','d404fcb11ce6dc5b8fa1a4f409ab3dfc','Lorena','Garcia','mlgarcia@unsa.edu.ar',1,'');
/*!40000 ALTER TABLE `Usuarios` ENABLE KEYS */;
UNLOCK TABLES;

--
-- Table structure for table `transOTResp`
--

DROP TABLE IF EXISTS `transOTResp`;
/*!40101 SET @saved_cs_client     = @@character_set_client */;
/*!40101 SET character_set_client = utf8 */;
CREATE TABLE `transOTResp` (
  `TransId` int(11) NOT NULL AUTO_INCREMENT,
  `ResponsableId` int(11) NOT NULL,
  `OfertaTecnoId` int(11) NOT NULL,
  PRIMARY KEY (`TransId`)
) ENGINE=InnoDB AUTO_INCREMENT=28 DEFAULT CHARSET=utf8 COLLATE=utf8_spanish_ci;
/*!40101 SET character_set_client = @saved_cs_client */;

--
-- Dumping data for table `transOTResp`
--

LOCK TABLES `transOTResp` WRITE;
/*!40000 ALTER TABLE `transOTResp` DISABLE KEYS */;
INSERT INTO `transOTResp` VALUES (1,1,1),(6,2,1),(7,3,2),(8,4,2),(9,5,3),(10,6,4),(11,7,5),(12,8,5),(13,9,6),(14,10,6),(15,10,7),(16,11,7),(17,12,8),(18,13,9),(19,14,10),(20,15,11),(21,16,12),(22,17,13),(23,18,14),(24,19,15),(25,20,16),(26,21,17),(27,22,18);
/*!40000 ALTER TABLE `transOTResp` ENABLE KEYS */;
UNLOCK TABLES;



CREATE TABLE `Categorias` (
  `CategoriaId` int(11) NOT NULL AUTO_INCREMENT,
  `Nombre` varchar(250) COLLATE utf8_spanish_ci DEFAULT NULL,
  `CategoriaPadreId` int(11) NOT NULL,
  `Active` bit(1) DEFAULT b'1',
  PRIMARY KEY (`CategoriaId`)
) ENGINE=InnoDB AUTO_INCREMENT=61 DEFAULT CHARSET=utf8 COLLATE=utf8_spanish_ci;



INSERT INTO `Categorias` VALUES (1,'Todas',1,''),(2,'Tecnologías Ambientales',1,''),(3,'Energías Convencionales',1,''),(4,'Agua',1,''),(5,'Tecnologías alimentarias.',1,''),(6,'Ciencias para la Salud',1,''),(7,'Comunicaciones',1,''),(8,'Tecnologías para la Sociedad de la Información',1,''),(9,'Cultura',1,''),(10,'Contenidos Educativos',1,''),(11,'Educación',1,''),(12,'Minería',1,''),(13,'Energías No Convencionales',1,''),(14,'Petroleo',3,NULL),(15,'Gas',3,NULL);

/*!50003 DROP PROCEDURE IF EXISTS `ot_search` */;
/*!50003 SET @saved_cs_client      = @@character_set_client */ ;
/*!50003 SET @saved_cs_results     = @@character_set_results */ ;
/*!50003 SET @saved_col_connection = @@collation_connection */ ;
/*!50003 SET character_set_client  = utf8 */ ;
/*!50003 SET character_set_results = utf8 */ ;
/*!50003 SET collation_connection  = utf8_general_ci */ ;
/*!50003 SET @saved_sql_mode       = @@sql_mode */ ;
/*!50003 SET sql_mode              = 'ONLY_FULL_GROUP_BY,STRICT_TRANS_TABLES,NO_ZERO_IN_DATE,NO_ZERO_DATE,ERROR_FOR_DIVISION_BY_ZERO,NO_AUTO_CREATE_USER,NO_ENGINE_SUBSTITUTION' */ ;
DELIMITER ;;
CREATE DEFINER=`root`@`localhost` PROCEDURE `ot_search`(

IN inputText varchar(300),
IN inputText2 varchar(300)

)
BEGIN
SET NAMES 'utf8';

SELECT 
  Unidades.Descripcion as 'Unidad',
  Dependencias.Nombre as 'Dependencia',
  Facultades.Nombre as 'Facultad',
  CONCAT(SUBSTR(OfertasTecno.Servicio,1,255),'...') as 'Servicio',
  GROUP_CONCAT(CONCAT(Personas.Cargo,': ',Personas.Apellido,',',Personas.Nombre) SEPARATOR '<br/>')  as 'Responsable'  ,
  CONCAT(CONCAT(Unidades.Domicilio,'<br/> ',
  Unidades.Telefono,'<br/> ',
  Unidades.Email,'<br/> ', 
  Unidades.SitioWeb),'<br/>',GROUP_CONCAT(CONCAT(Personas.Email,' ',Personas.SitioWeb,' '))) as 'Contacto'
FROM OfertasTecno
INNER JOIN Unidades ON Unidades.UnidadId = OfertasTecno.UnidadId
LEFT JOIN Dependencias ON Dependencias.DependenciaId = OfertasTecno.DependenciaId
INNER JOIN transOTResp ON transOTResp.OfertaTecnoId = OfertasTecno.OfertaId
INNER JOIN Personas ON Personas.PersonaId = transOTResp.ResponsableId
INNER JOIN Facultades ON Facultades.FacultadId = Dependencias.FacultadId

WHERE 

 OfertasTecno.Estado ='active' AND

   (Unidades.Nombre LIKE CONCAT('%',inputText,'%') or Unidades.Nombre like CONCAT('%',inputText2,'%')
    or Dependencias.Nombre LIKE CONCAT('%',inputText,'%') or Dependencias.Nombre like CONCAT('%',inputText2,'%')
    or Facultades.Nombre like CONCAT('%',inputText,'%') or Facultades.Nombre like CONCAT('%',inputText2,'%')
   or 
     OfertasTecno.Servicio like CONCAT('%',inputText,'%') COLLATE utf8_spanish_ci or OfertasTecno.Servicio like CONCAT('%',inputText2,'%')
   or CONCAT(Personas.Apellido,' , ', Personas.Nombre) like CONCAT('%',inputText,'%') or CONCAT(Personas.Apellido,' , ', Personas.Nombre) like CONCAT('%',inputText2,'%')
     or Unidades.SitioWeb like CONCAT('%',inputText,'%') or Unidades.SitioWeb like CONCAT('%',inputText2,'%'))
  
GROUP BY  
  
  Unidades.Descripcion,
  Dependencias.Nombre,
  Facultades.Nombre,
  OfertasTecno.Servicio,
  -- Personas.Apellido,
  -- Personas.Nombre,
  Unidades.Domicilio,
  Unidades.Telefono,
  Unidades.Email,

  Unidades.SitioWeb

order by Unidades.Descripcion asc, Dependencias.Nombre asc,Facultades.Nombre asc; 

END ;;
DELIMITER ;
/*!50003 SET sql_mode              = @saved_sql_mode */ ;
/*!50003 SET character_set_client  = @saved_cs_client */ ;
/*!50003 SET character_set_results = @saved_cs_results */ ;
/*!50003 SET collation_connection  = @saved_col_connection */ ;
/*!40103 SET TIME_ZONE=@OLD_TIME_ZONE */;

/*!40101 SET SQL_MODE=@OLD_SQL_MODE */;
/*!40014 SET FOREIGN_KEY_CHECKS=@OLD_FOREIGN_KEY_CHECKS */;
/*!40014 SET UNIQUE_CHECKS=@OLD_UNIQUE_CHECKS */;
/*!40101 SET CHARACTER_SET_CLIENT=@OLD_CHARACTER_SET_CLIENT */;
/*!40101 SET CHARACTER_SET_RESULTS=@OLD_CHARACTER_SET_RESULTS */;
/*!40101 SET COLLATION_CONNECTION=@OLD_COLLATION_CONNECTION */;
/*!40111 SET SQL_NOTES=@OLD_SQL_NOTES */;

-- Dump completed on 2019-10-15 14:03:01
